peptide,group,target
HHYYRTLYGELG,train,6.540607512240769
HHYYAILYGELG,train,6.3979400086720375
HIYYSSLYGSLG,train,8.154901959985743
HHYYRILYAELG,train,5.867420152340263
HHYYNILYGELG,train,5.626720106722504
HAYYRILYGELG,train,6.276544327964814
HLYYYALYGNLG,train,7.928117992693875
HHYFRILYGELG,train,5.400990760176656
HIYYRILYGSLG,train,8.200659450546418
HIYYASLYGNLG,train,8.853871964321762
HEYYRILYGELG,train,7.0655015487564325
HHYYRILYGVLG,train,6.354577730650908
HVYYYSLYGPLG,train,8.045757490560675
HHYYKILYGELG,train,6.935542010773082
HLYYRVLYGELG,train,7.013228265733755
HIYYASLYGSLG,train,8.309803919971486
HHYYRILYGELG,train,6.779891911959945
HYYYRILYGELG,train,6.924453038607469
HVYYRSLYGSLG,train,8.267606240177031
HQYYRILYGELG,train,7.823908740944319
HLYYVSLYGSLG,train,7.920818753952375
HKYYRILYGELG,train,7.050609993355087
HQYYRLLYGNLG,train,7.578396073130169
HHYYSILYGELG,train,5.599116784451637
HHYYRILFGELG,train,5.909389292171594
HIYYFSLYGRLG,train,8.522878745280337
HIYYFSLYGHLG,train,8.207608310501746
HHFYRILYGELG,train,6.767003889607846
HHYYRILYGEIG,train,6.374687549038326
HVYYQSLYGSLG,train,8.102372908709558
HRYYRILYGELG,train,6.966576244513051
HIYYRSLYGNLG,train,8.769551078621726
HLYYRLLYGNLG,train,7.311580177997289
HHYYRILYGNLG,train,7.327902142064283
HQYYVSLYGNLG,train,7.982966660701219
HHYYRVLYGELG,train,6.382999658879101
HVYYYSLYGSLG,train,8.481486060122112
IDQFFNHIYYSI,train,4.8338660296948905
HIYYASLYGDLG,train,8.853871964321762
HHYYRILYGGLG,train,6.675717544702307
HIYYRILYGNLG,train,8.346787486224656
HLYYASLYGNLG,train,8.017728766960431
HIYYRQIYQKLG,train,6.484126156288321
HIYYYSLYGTLG,train,8.537602002101044
HHYYRFLYGELG,train,5.776763726897002
HQYYRILYGNLG,train,8.2518119729938
HLYYRILYGELG,train,7.167491087293763
HHYYRILYGKLG,train,7.136677139879544
HQYYVSLYGSLG,train,8.09151498112135
HIYYASLYGKLG,valid,8.3767507096021
HHHYRILYGELG,valid,5.164372833790102
HHYYRILYGDLG,valid,7.080921907623926
HLYYRILYGNLG,valid,7.94692155651658
HLYYVSLYGNLG,valid,8.193820026016112
HIYYASLYGLLG,valid,7.920818753952375
HHYYRILYGALG,valid,6.7447274948966935
HHYYRILYSELG,valid,5.873868592738016
HHYYRALYGELG,valid,6.5951662833800615
HHYYRIFYGELG,valid,4.63320361671327
HHYYRILYGELA,valid,6.062983892535185
HLYYYSLYGNLG,valid,8.259637310505756
HIYYASLYGALG,valid,8.036212172654444
HIYYASLYGKLG,test,8.3767507096021
HHHYRILYGELG,test,5.164372833790102
HHYYRILYGDLG,test,7.080921907623926
HLYYRILYGNLG,test,7.94692155651658
HLYYVSLYGNLG,test,8.193820026016112
HIYYASLYGLLG,test,7.920818753952375
HHYYRILYGALG,test,6.7447274948966935
HHYYRILYSELG,test,5.873868592738016
HHYYRALYGELG,test,6.5951662833800615
HHYYRIFYGELG,test,4.63320361671327
HHYYRILYGELA,test,6.062983892535185
HLYYYSLYGNLG,test,8.259637310505756
HIYYASLYGALG,test,8.036212172654444
